user_id,followers,famous_percentage
15,2,15.384615384615385
11,1,7.6923076923076925
5,2,15.384615384615385
1,2,15.384615384615385
12,1,7.6923076923076925
13,2,15.384615384615385
14,2,15.384615384615385
2,1,7.6923076923076925
